date,Q1_gross,Q1_net,Q1_n,Q1_turnover,Q2_gross,Q2_net,Q2_n,Q2_turnover,Q3_gross,Q3_net,Q3_n,Q3_turnover,Q4_gross,Q4_net,Q4_n,Q4_turnover,Q5_gross,Q5_net,Q5_n,Q5_turnover,ls_gross,ls_net
2012-01-31,0.022034068351104684,0.020034068351104682,81,1.0,0.03396755481082269,0.03196755481082269,82,1.0,0.03846245943398948,0.03646245943398948,82,1.0,0.07529472064081405,0.07329472064081405,82,1.0,0.059839395293627036,0.057839395293627034,82,1.0,0.03780532694252235,0.03780532694252235
2012-02-29,0.027079805724662422,0.026092151403674768,81,0.49382716049382713,0.031097809493617536,0.02968317534727607,82,0.7073170731707317,0.030241466984679992,0.028924393813948283,82,0.6585365853658536,0.02715207642368087,0.025761832521241843,82,0.6951219512195121,0.02358866057752055,0.022661831309227866,82,0.46341463414634143,-0.0034911451471418727,-0.0034303200944469023
2012-03-30,0.02576001950328146,0.024881970722793655,82,0.4390243902439024,0.003967757588013396,0.002570167226567613,83,0.6987951807228916,0.0009058279436935813,-0.0005088062026478821,82,0.7073170731707317,0.0002567930060839869,-0.0010685081987352905,83,0.6626506024096386,-0.006197323373669346,-0.007112986024271756,83,0.45783132530120485,-0.0319573428769508,-0.03199495674706541
2012-04-30,-0.020303771125186446,-0.020913527222747422,82,0.30487804878048785,-0.043960024252490376,-0.04516484352959881,82,0.6024096385542168,-0.06777108710646561,-0.06918572125280707,82,0.7073170731707317,-0.07426928924106466,-0.07564278321696827,82,0.6867469879518072,-0.07129281511614512,-0.07206389945349452,83,0.3855421686746988,-0.050989043990958674,-0.0511503722307471
2012-05-31,0.04204007986821545,0.041454714014556915,82,0.29268292682926833,0.04784995482038322,0.046596942772190446,83,0.6265060240963856,0.03905243779555045,0.0377109743809163,82,0.6707317073170731,0.022986525719135138,0.02166122451431586,83,0.6626506024096386,0.031109916263225634,0.030170157227081055,83,0.4698795180722891,-0.010930163604989818,-0.01128455678747586
2012-06-29,0.017622563823901552,0.01715914918975521,82,0.23170731707317072,0.00923081178279304,0.00797779973460027,83,0.6265060240963856,-0.0010572608335139469,-0.0023584656527910553,83,0.6506024096385542,0.011223056923861592,0.009994141261210988,83,0.6144578313253012,-0.010860478387572078,-0.011679755496005813,83,0.40963855421686746,-0.02848304221147363,-0.028838904685761023
2012-07-31,-0.007718557594211753,-0.008377094179577606,82,0.3292682926829268,0.0222124578758301,0.02093534944209516,83,0.6385542168674698,0.032106551292515946,0.030877635629865344,82,0.6144578313253012,0.05293615647074944,0.051851819121351846,83,0.5421686746987953,0.0582533837465492,0.057506395794741975,83,0.37349397590361444,0.06597194134076095,0.06588348997431959
2012-08-31,0.019037570627577563,0.01821829351914383,83,0.40963855421686746,0.023121625660772832,0.021812101851249023,84,0.6547619047619048,0.023227047721583835,0.02182945736013805,83,0.6987951807228916,0.026489181668417967,0.025036800716037016,84,0.7261904761904762,0.04581091476293024,0.044953771905787386,84,0.4285714285714286,0.026773344135352678,0.026735478386643557
2012-09-28,0.007405189333838543,0.0064172375266096275,83,0.49397590361445787,-0.0021093769365128625,-0.0035141388412747673,83,0.7023809523809523,0.0020746839951783238,0.0007889697094640381,84,0.6428571428571428,0.001078512508358429,-0.000302439872593952,83,0.6904761904761905,-0.021359288590816365,-0.02214500287653065,84,0.3928571428571429,-0.02876447792465491,-0.028562240403140277
2012-10-31,0.0032979402326366006,0.002454566738660697,83,0.42168674698795183,0.014469516238971384,0.0130719258775256,83,0.6987951807228916,0.020773627144096862,0.019226008096477815,83,0.7738095238095238,0.0159202842025103,0.014450404684438012,83,0.7349397590361446,0.038065551135065365,0.037256027325541556,84,0.40476190476190477,0.03476761090242876,0.034801460586880856
2012-11-30,0.0266202164539123,0.025584071875599045,83,0.5180722891566265,0.02724818637079499,0.02581961494222356,84,0.7142857142857143,0.04246327066290557,0.04104158391591762,83,0.7108433734939759,0.06626979558789341,0.06488884320694102,84,0.6904761904761905,0.06309371650572783,0.0621651450771564,84,0.4642857142857143,0.03647350005181553,0.03658107320155735
2012-12-31,0.055575139615368564,0.05449080226597097,83,0.5421686746987953,0.06095062958536832,0.059569677204415944,84,0.6904761904761905,0.0640779030248714,0.0625779030248714,84,0.75,0.08668867874923405,0.0854267739873293,84,0.6309523809523809,0.06076469772895405,0.06000279296704929,84,0.38095238095238093,0.005189558113585485,0.005511990701078315
2013-01-31,0.03129152685871675,0.030148669715859607,84,0.5714285714285714,0.028744848168122283,0.027173419596693713,84,0.7857142857142857,0.02376406387385603,0.02226406387385603,84,0.75,0.013713663602067272,0.012380330268733938,84,0.6666666666666667,0.026378000059108037,0.02562505888263745,85,0.3764705882352941,-0.004913526799608714,-0.004523610833222159
2013-02-28,0.04282716971766256,0.042041455431948274,84,0.3928571428571429,0.03415960706549194,0.03277137177137429,85,0.6941176470588235,0.0408950768032947,0.03958555299377089,84,0.6547619047619048,0.034050018213401,0.03282648880163629,85,0.611764705882353,0.04016055245995178,0.03931349363642237,85,0.42352941176470593,-0.0026666172577107794,-0.002727961795525903
2013-03-28,0.02372175018187051,0.02276936922948956,84,0.47619047619047616,0.015610894634450876,0.0141050122815097,85,0.7529411764705882,0.02000894378561972,0.018604181880857815,84,0.7023809523809523,0.003286160543001405,0.0019449840724131695,85,0.6705882352941177,0.020711624181369067,0.019864565357839654,85,0.42352941176470593,-0.0030101260005014445,-0.002904803871649906
2013-04-30,-0.014395082736467033,-0.015395082736467034,84,0.5,0.021328080158576453,0.019892786040929394,85,0.7176470588235294,0.04896498863685326,0.04748879816066278,84,0.7380952380952381,0.08039259684017278,0.07912200860487865,85,0.6352941176470588,0.06572702873011721,0.0648799699065878,85,0.42352941176470593,0.08012211146658424,0.08027505264305483
2013-05-31,-7.618375082717508e-05,-0.0013618980365414607,84,0.6428571428571428,-0.00017660525875802768,-0.0016118993764050865,85,0.7176470588235294,-0.0014778109805138686,-0.0030016205043233925,84,0.7619047619047619,-0.00790357544916462,-0.009244751919752856,85,0.6705882352941177,-0.008628068318795762,-0.009475127142325174,85,0.42352941176470593,-0.008551884567968586,-0.008113229105783713
2013-06-28,0.05140517963868688,0.05041694434456924,85,0.49411764705882355,0.0459137791454877,0.04454907326313476,85,0.6823529411764706,0.05938234030897804,0.05797057560309569,85,0.7058823529411764,0.0526613866751649,0.05129668079281196,85,0.6823529411764706,0.051439982890941864,0.050533006146755814,86,0.4534883720930233,3.480325225498071e-05,0.00011606180218657475
2013-07-31,-0.03297069011839342,-0.034076572471334596,85,0.5529411764705883,-0.02435233199127935,-0.025724425014535167,86,0.686046511627907,-0.018715209085122884,-0.020250092806053117,86,0.7674418604651163,-0.009717145466381243,-0.01118226174545101,86,0.7325581395348837,-0.002274645040080521,-0.003332116304448337,87,0.5287356321839081,0.030696045078312896,0.030744456166886258
2013-08-30,0.035585886874499595,0.03450353393332312,85,0.5411764705882354,0.04658297561499481,0.04514111514987853,86,0.7209302325581395,0.05750004291742349,0.056081438266260705,86,0.7093023255813953,0.06350251020280749,0.06194437066792377,86,0.7790697674418605,0.0822610672928768,0.08122658453425612,87,0.5172413793103448,0.046675180418377205,0.04672305060093299
2013-09-30,0.054501399874960506,0.053489635169078155,85,0.5058823529411764,0.05496935720225892,0.0534112176673752,86,0.7790697674418605,0.04321325339302393,0.04158534641627975,86,0.813953488372093,0.06471217771689183,0.0633633405075895,86,0.6744186046511628,0.05118170190166685,0.05021618466028754,87,0.48275862068965514,-0.0033196979732936574,-0.003273450508790618
2013-10-31,0.011535216273988643,0.010311686862223937,85,0.611764705882353,0.020092630597430137,0.01862751431836037,86,0.7325581395348837,0.01962394241345797,0.018019291250667275,86,0.8023255813953488,0.0340090791960992,0.03270675361470385,86,0.6511627906976745,0.02680170466766693,0.02572124489755199,87,0.5402298850574713,0.015266488393678288,0.015409558035328052
2013-11-29,0.021236091442118944,0.02013020908917777,85,0.5529411764705883,0.025731082949673467,0.024172943414789747,86,0.7790697674418605,0.023020164119742014,0.021462024584858293,86,0.7790697674418605,0.030724665905678784,0.02932931706846948,86,0.6976744186046512,0.04911258526867236,0.04817005653304018,87,0.47126436781609193,0.027876493826553418,0.02803984744386241
2013-12-31,-0.024244316686625734,-0.025453619012207128,86,0.6046511627906976,-0.019534460496961246,-0.02100572486477734,87,0.735632183908046,-0.022481318329878777,-0.023899922981041568,86,0.7093023255813953,-0.006979968798831243,-0.00842824466090021,87,0.7241379310344828,0.003179064132443988,0.0021445813738232987,87,0.5172413793103448,0.027423380819069722,0.027598200386030426
2014-01-31,0.04765703466332691,0.04644773233774551,86,0.6046511627906976,0.06018244389072788,0.05878014504015317,87,0.7011494252873562,0.051438032713204115,0.050065939689948304,86,0.686046511627907,0.06476898171134271,0.06327472883777949,87,0.7471264367816092,0.0832201021737422,0.0822545849323629,87,0.48275862068965514,0.0355630675104153,0.03580685259461739
2014-02-28,0.021499299623491445,0.020522555437444932,86,0.4883720930232558,0.012503108669238991,0.01121575234739991,87,0.6436781609195402,0.010795919591427117,0.009324655223611025,87,0.735632183908046,-0.0038866543117689486,-0.005311941668090788,87,0.7126436781609196,-0.01876895242636053,-0.019642515644751335,87,0.4367816091954023,-0.040268252049851974,-0.04016507108219627
2014-03-31,0.0204460592158695,0.019166989448427638,86,0.6395348837209303,0.0019242567633238413,0.0005449464184962549,87,0.6896551724137931,0.003786699434513405,0.0022004925379616805,86,0.7931034482758621,-0.011821922517555646,-0.013385140908360243,87,0.7816091954022988,-0.03206788839787467,-0.033033405639253985,87,0.48275862068965514,-0.05251394761374417,-0.05220039508768162
2014-04-30,0.015788810748326613,0.014881834004140566,86,0.4534883720930233,0.020150221449636723,0.01888585363354477,87,0.632183908045977,0.038635160197544434,0.037163895829728344,87,0.735632183908046,0.023515551371084825,0.02213624102625724,87,0.6896551724137931,0.033316938567631314,0.032466363854987634,87,0.4252873563218391,0.0175281278193047,0.017584529850847068
2014-05-30,0.016705129232052453,0.015716623484926015,87,0.49425287356321834,0.017000427041307668,0.015529162673491576,87,0.735632183908046,0.0307108182769409,0.029216565403377682,87,0.7471264367816092,0.024150461479562128,0.022725174123240287,87,0.7126436781609196,0.05099634662700609,0.05001907389973336,88,0.48863636363636365,0.03429121739495364,0.034302450414807346
2014-06-30,-0.007487082047507545,-0.008567541817622487,87,0.5402298850574713,-0.005114392867814041,-0.006500756504177677,88,0.6931818181818181,-0.0017225567445987944,-0.003336193108235158,88,0.8068181818181819,-0.004685969637193584,-0.006004151455375402,88,0.6590909090909092,0.005744978451545305,0.004846102047050923,89,0.449438202247191,0.01323206049905285,0.013413643864673409
2014-07-31,0.038643455074108275,0.037425064269510575,87,0.6091954022988506,0.04315259110275222,0.04162986383002495,88,0.7613636363636364,0.04338890200123382,0.04177526563759745,88,0.8068181818181819,0.04217381214440094,0.04083290305349185,88,0.6704545454545454,0.07146449076905234,0.07056561436455797,88,0.449438202247191,0.032821035694944066,0.03314055009504739
2014-08-29,-0.021043804274110386,-0.022111986092292205,88,0.5340909090909092,-0.016641252236018412,-0.01802761587238205,88,0.6931818181818181,-0.022796472041365548,-0.024364653859547367,88,0.7840909090909091,-0.013083552159819963,-0.014515370341638145,88,0.7159090909090908,-0.025989544839837814,-0.027090668435343433,89,0.550561797752809,-0.004945740565727427,-0.004978682343051228
2014-09-30,0.027407175477858557,0.026316266386949467,88,0.5454545454545454,0.027069385105229094,0.025683021468865457,88,0.6931818181818181,0.02348977245646554,0.022141457849723968,89,0.6741573033707865,0.02348716776458584,0.022009895037313112,88,0.7386363636363636,0.009122254241210425,0.008155962106378964,89,0.4831460674157303,-0.018284921236648134,-0.018160304280570503
2014-10-31,0.03191769673637253,0.03053133310000889,88,0.6931818181818181,0.04104938989384959,0.039588715736546216,89,0.7303370786516854,0.027273806669986446,0.025903020153132512,88,0.6853932584269663,0.027987441589753376,0.026571711252674726,89,0.7078651685393258,0.030776223730272813,0.029809931595441354,89,0.4831460674157303,-0.001141473006099715,-0.000721401504567537
2014-11-28,0.02413575315809364,0.022726662249002733,88,0.7045454545454546,0.020625772536645496,0.01905273882878033,88,0.7865168539325843,0.016345168764907155,0.014727191236817268,89,0.8089887640449438,0.016246128986851037,0.014852870559884745,88,0.696629213483146,0.004253965328108945,0.0034674484741763606,89,0.3932584269662921,-0.019881787829984697,-0.019259213774826374
2014-12-31,0.009677621734939832,0.008382167189485286,88,0.6477272727272727,0.005600061870291042,0.004054607324836497,88,0.7727272727272727,-0.016523614468650468,-0.01807417626640328,89,0.7752808988764045,-0.019123548033738384,-0.020441729851920203,88,0.6590909090909092,-0.013160742841003756,-0.0139697316050487,89,0.4044943820224719,-0.022838364575943588,-0.022351898794533986
2015-01-30,0.020724273717352745,0.01949700099008002,88,0.6136363636363636,0.04989429192529361,0.04861339304888912,89,0.6404494382022472,0.06027951198436079,0.05872895018660798,88,0.7752808988764045,0.08527656321778207,0.08383836097059105,89,0.7191011235955056,0.08486922899881495,0.0839029368639835,89,0.4831460674157303,0.0641449552814622,0.06440593587390347
2015-02-27,0.012235745064840969,0.01098574506484097,88,0.625,0.010913634878448552,0.009295657350358665,89,0.8089887640449438,0.0002571925793156455,-0.0013564437843207183,88,0.8068181818181819,0.0075723164381399964,0.006066698460611907,89,0.752808988764045,-0.0012395358219822708,-0.0022058279568137316,89,0.4831460674157303,-0.013475280886823239,-0.0131915730216547
2015-03-31,-0.007205969248495534,-0.00859233288485917,88,0.6931818181818181,-0.003383357680610952,-0.005046279028925559,89,0.8314606741573034,-0.006365540301049805,-0.00791099484650435,88,0.7727272727272727,-0.014155487167190202,-0.015503801773931776,89,0.6741573033707865,0.025579312927701752,0.024500661242308493,89,0.5393258426966292,0.032785282176197285,0.033092994127167666
2015-04-30,0.022500381861811723,0.02122765458908445,88,0.6363636363636364,0.01865052928295039,0.017279742766096458,89,0.6853932584269663,0.01897358895090888,0.0175417707690907,88,0.7159090909090908,0.026604689616115285,0.025009183998137757,89,0.797752808988764,0.021458946155085062,0.020447710200028883,89,0.5056179775280899,-0.0010414357067266601,-0.0007799443890555667
2015-05-29,-0.013484653472458806,-0.014507380745186078,88,0.5113636363636364,-0.013505102739686239,-0.01501072071721433,89,0.752808988764045,-0.020752482168395054,-0.022168212505473704,89,0.7078651685393258,-0.013844544062637463,-0.015170386759266677,89,0.6629213483146068,-0.03630631514928026,-0.03731755110433644,89,0.5056179775280899,-0.022821661676821453,-0.02281017035915036
2015-06-30,0.03187482191592141,0.03062482191592141,88,0.625,0.026672240044469,0.025076734426491474,89,0.797752808988764,0.03864708384410024,0.036939218675560916,89,0.8539325842696629,0.014682312495979868,0.013289054069013576,89,0.696629213483146,-0.0013234111246320358,-0.0022567444579653694,90,0.4666666666666667,-0.03319823304055345,-0.032881566373886784
2015-07-31,-0.05009974566361067,-0.05144065475451976,88,0.6704545454545454,-0.05053822839470878,-0.05186407109133799,89,0.6629213483146068,-0.055371645876750565,-0.05696715149472809,89,0.797752808988764,-0.05606222025925771,-0.057455478686224,89,0.696629213483146,-0.05414550131605976,-0.05510105687161532,90,0.47777777777777775,-0.004045755652449093,-0.0036604021170955556
2015-08-31,0.0026311941824498477,0.001305351485820634,89,0.6629213483146068,-0.010336247559584243,-0.011729505986550535,89,0.696629213483146,-0.01893045771499653,-0.02048101951274934,89,0.7752808988764045,-0.035680497487072915,-0.03698386827358977,89,0.651685393258427,-0.05736611313783967,-0.05827722424895078,90,0.4555555555555556,-0.05999730732028952,-0.059582575734771416
2015-09-30,0.051079736736586605,0.050158388421979866,89,0.4606741573033708,0.0710293038818806,0.06970346118525138,89,0.6629213483146068,0.09193968296729717,0.09050148072010615,89,0.7191011235955056,0.07581299550256643,0.07446468089582485,89,0.6741573033707865,0.068920125137037,0.06803123624814812,90,0.4444444444444444,0.0178403884004504,0.017872847826168256
2015-10-30,0.012037749189605916,0.011228760425560973,89,0.4044943820224719,0.013302542683283434,0.012021643806878939,89,0.6404494382022472,0.02047404259641721,0.019170671809900355,89,0.651685393258427,0.03491654236519186,0.033500812028113204,89,0.7078651685393258,0.00919961264838322,0.008377390426160997,90,0.4111111111111111,-0.0028381365412226967,-0.0028513699993999754
2015-11-30,-0.0036303666346355324,-0.004933737421152386,89,0.651685393258427,-0.0024923363606159142,-0.003997954338144004,89,0.752808988764045,-0.01172268410173259,-0.0132337952128437,90,0.7555555555555555,-0.010957205496988035,-0.012395407744179045,89,0.7191011235955056,-0.034779739320802874,-0.03575751709858065,90,0.48888888888888893,-0.031149372686167343,-0.03082377967742827
2015-12-31,-0.031059362387754974,-0.03227284553382239,89,0.6067415730337078,-0.04354287215686953,-0.044920649934647304,90,0.6888888888888889,-0.067285009934596,-0.06877389882348489,90,0.7444444444444445,-0.10658149642362799,-0.10800371864585022,90,0.7111111111111111,-0.1041609885097948,-0.1049609885097948,90,0.4,-0.07310162612203983,-0.0726881429759724
2016-01-29,0.03042941480129649,0.029305819295678513,89,0.5617977528089888,0.033920201378590746,0.032497979156368526,90,0.7111111111111111,0.03534116902967585,0.03383005791856474,90,0.7555555555555555,0.0385116256022433,0.03722273671335441,90,0.6444444444444444,0.048081141656023285,0.047192252767134395,90,0.4444444444444444,0.017651726854726796,0.01788643347145588
2016-02-29,0.06606271197661445,0.06521826753217001,90,0.4222222222222223,0.0713007860197046,0.06996745268637126,90,0.6666666666666667,0.08115375769805372,0.07970931325360928,90,0.7222222222222222,0.08192444578724048,0.0807466680094627,90,0.5888888888888889,0.10323279121701082,0.10239762638184598,91,0.41758241758241754,0.037170079240396364,0.037179358849675964
2016-03-31,-0.008524949044840129,-0.009413837933729017,90,0.4444444444444444,-0.008492274621974435,-0.009825607955307769,90,0.6666666666666667,0.011511250489919272,0.010044583823252606,90,0.7333333333333334,0.01620004068830427,0.014977818466082048,90,0.6111111111111112,0.025093402490941642,0.024324171721710874,91,0.3846153846153846,0.03361835153578177,0.03373800965543989
2016-04-29,0.025729829760190892,0.024640940871302003,90,0.5444444444444445,0.026576263250093213,0.02522070769453766,90,0.6777777777777778,0.031424288200469816,0.029951760727942343,91,0.7362637362637363,0.024534057591415782,0.02320072425808245,90,0.6666666666666667,0.018001734946894637,0.017188548133707824,91,0.4065934065934066,-0.007728094813296255,-0.007452392737594179
2016-05-31,0.010641859627804947,0.009397415183360503,90,0.6222222222222222,0.00446048475363084,0.0030382625314086175,90,0.7111111111111111,-0.015080249970707095,-0.016552777443234568,91,0.7362637362637363,-0.03256189426626368,-0.03387300537737479,90,0.6555555555555556,-0.024578914409471374,-0.02561188144243841,91,0.5164835164835164,-0.03522077403727632,-0.03500929662579891
2016-06-30,0.01024637092345679,0.008824148701234567,90,0.7111111111111111,0.027102159502064686,0.02556369796360315,91,0.7692307692307692,0.03994039031959488,0.03857775295695751,90,0.6813186813186813,0.061740019064685875,0.06020155752622434,91,0.7692307692307692,0.07399427797598604,0.07287339885510692,91,0.5604395604395604,0.06374790705252925,0.06404925015387236
2016-07-29,-0.004725786751434071,-0.005970231195878516,90,0.6222222222222222,-0.004836212015412537,-0.006330717509918032,91,0.7472527472527473,0.011748591783159732,0.010148591783159732,90,0.8,0.029942025412074635,0.028491475961525185,91,0.7252747252747253,0.020792402537329054,0.019825369570296087,91,0.48351648351648346,0.025518189288763125,0.025795600766174605
2016-08-31,-0.0027951125091213174,-0.0039951125091213175,90,0.6,0.001804867912742749,0.0003103624182372543,91,0.7472527472527473,-0.00355634527593731,-0.005072828792420827,91,0.7582417582417582,-0.0009978614077905265,-0.0025583009682300867,91,0.7802197802197802,0.023021107061632528,0.022010118050643516,91,0.5054945054945055,0.025816219570753845,0.026005230559764832
2016-09-30,-0.013870934789843211,-0.015026490345398767,90,0.5777777777777777,-0.02047875061808447,-0.022017212156546007,91,0.7692307692307692,-0.012702259683602925,-0.01410885309019633,91,0.7032967032967032,-0.041710048797004594,-0.04322653231348811,91,0.7582417582417582,-0.024207426441812997,-0.025250904702682563,92,0.5217391304347826,-0.010336491651969785,-0.010224414357283796
2016-10-31,0.0389219331106713,0.037699710888449076,90,0.6111111111111112,0.036143312932117484,0.03478067556948012,91,0.6813186813186813,0.04252435067297311,0.041007867156489596,91,0.7582417582417582,0.06392833318758359,0.06252173978099018,91,0.7032967032967032,0.058619047030973655,0.05757556877010409,92,0.5217391304347826,0.019697113920302357,0.019875857881655017
2016-11-30,0.020127777248703353,0.018699205820131924,91,0.7142857142857143,0.011135636244765393,0.009487284596413745,91,0.8241758241758241,0.009977480418222336,0.008548908989650907,91,0.7142857142857143,0.019387698484082998,0.017893192989577502,91,0.7472527472527473,0.018275185492045078,0.0171230115790016,92,0.5760869565217391,-0.0018525917566582749,-0.0015761942411303236
2016-12-30,0.012936039031965456,0.011990984086910511,91,0.4725274725274725,0.019427335058490133,0.017932829563984638,91,0.7472527472527473,0.021173906600767494,0.019586950079028363,92,0.7934782608695652,0.03403357714206707,0.03249511560360553,91,0.7692307692307692,0.05976416580486232,0.058633731022253624,92,0.5652173913043479,0.04682812677289686,0.046642746935343114
2017-01-31,0.05337914804041641,0.05225826891953729,91,0.5604395604395604,0.04706708742924398,0.04563851600067255,91,0.7142857142857143,0.04064462898742085,0.039122889856986066,92,0.7608695652173914,0.04595001550349645,0.04452144407492502,91,0.7142857142857143,0.04757325331163336,0.04657325331163336,92,0.5,-0.005805894728783047,-0.00568501560790393
2017-02-28,0.01191388029372771,0.010771023150870567,91,0.5714285714285714,-0.002463050395309451,-0.0037817317139907697,91,0.6593406593406593,-0.00156290829609107,-0.00306290829609107,92,0.75,-0.0024851159666205015,-0.0040455555270600616,91,0.7802197802197802,0.0015695512051463383,0.00035215990079851206,92,0.6086956521739131,-0.010344329088581372,-0.010418863250072056
2017-03-31,0.012747081593881786,0.011626202473002665,91,0.5604395604395604,0.025353117711747416,0.023766161190008284,92,0.7934782608695652,0.016856573321598824,0.015247877669424911,91,0.8043478260869565,0.00928763141833566,0.007787631418335661,92,0.75,0.016040380329214253,0.014975162937909906,92,0.5326086956521738,0.003293298735332467,0.003348960464907241
2017-04-28,0.028864710839274724,0.02769987567443956,91,0.5824175824175823,0.018773068903503557,0.01722959064263399,92,0.7717391304347826,0.017036240646431004,0.015387888998079356,91,0.8241758241758241,0.013357995693273332,0.011966691345447245,92,0.6956521739130435,0.01194893896502442,0.010970678095459204,92,0.48913043478260865,-0.016915771874250304,-0.016729197578980354
2017-05-31,0.0010724753078550071,3.950827488797431e-05,91,0.5164835164835164,0.009471947789866765,0.008145860833345026,92,0.6630434782608696,0.015446411973696094,0.013729020669348268,92,0.8586956521739131,-0.002506514980451888,-0.0038760801978431924,92,0.6847826086956521,0.027906141987197864,0.026688750682850038,92,0.6086956521739131,0.026833666679342855,0.026649242407962064
2017-06-30,0.018774322012151973,0.017883017664325887,92,0.44565217391304346,0.014319300636128789,0.012797561505694006,92,0.7608695652173914,0.004089457383470493,0.002459022600861797,92,0.8152173913043479,0.025436397327129302,0.0239363973271293,92,0.75,0.04277967145489072,0.04166139188499825,93,0.5591397849462365,0.024005349442738747,0.02377837422067236
2017-07-31,0.003402495517912105,0.0025329303005208,92,0.4347826086956522,-0.006852479006386932,-0.00833073987595215,92,0.7391304347826086,-0.014501510550198733,-0.015936293158894384,92,0.7173913043478262,-0.005450316728093741,-0.0069937949889633064,92,0.7717391304347826,-0.0206222411734635,-0.021611488485291458,93,0.4946236559139785,-0.024024736691375604,-0.024144418785812256
2017-08-31,0.01066479502236385,0.009621316761494286,92,0.5217391304347826,0.029949348763089384,0.028492827023958948,92,0.7282608695652174,0.03603189136959979,0.03459103115454603,93,0.7204301075268817,0.03362013597007076,0.0320766577092012,92,0.7717391304347826,0.047564822818987884,0.046425037872751325,93,0.5698924731182795,0.03690002779662403,0.03680372111125704
2017-09-29,0.03259061557946596,0.031373224275118135,92,0.6086956521739131,0.027698050173674115,0.026198050173674114,92,0.75,0.021438781856546477,0.020105448523213144,93,0.6666666666666667,0.01639830746558173,0.015072220509059991,92,0.6630434782608696,0.014003028625489869,0.013035286690005999,93,0.4838709677419355,-0.01858758695397609,-0.018337937585112138
2017-10-31,0.03940165604678593,0.03805382995982941,92,0.6739130434782609,0.03036873120133184,0.028890470331766623,92,0.7391304347826086,0.03612770893707905,0.03460082721664894,93,0.7634408602150538,0.03373002002084198,0.03212132436866807,92,0.8043478260869565,0.041495445395848936,0.04029114432058012,93,0.6021505376344086,0.0020937893490630063,0.0022373143607507112
2017-11-30,-0.00710782100187935,-0.008325212306227176,92,0.6086956521739131,0.0029103097508980103,0.0013668314900284451,92,0.7717391304347826,0.02102996162637536,0.01935254227153665,93,0.8387096774193549,0.036348061099772885,0.03465240892585984,92,0.8478260869565217,0.03520914467133133,0.03396183284337434,93,0.6236559139784946,0.04231696567321068,0.042287045149601514
2017-12-29,0.03698197336931404,0.03580806032583578,92,0.5869565217391304,0.04402970711412658,0.04263840276630049,92,0.6956521739130435,0.03527989113520746,0.03370999866208918,93,0.7849462365591398,0.06568173961760537,0.06416000048717059,92,0.7608695652173914,0.06945732706498348,0.06855410125853187,93,0.4516129032258065,0.03247535369566944,0.03274604093269609
2018-01-31,-0.04033502994418394,-0.041465464726792634,92,0.5652173913043479,-0.045950889331314325,-0.04726271728830357,93,0.6559139784946236,-0.035254582046739855,-0.03663092613276136,92,0.6881720430107527,-0.04728553647264405,-0.048726396687697814,93,0.7204301075268817,-0.037983688371090306,-0.03899444105926235,93,0.5053763440860215,0.002351341573093635,0.002471023667530284
2018-02-28,0.016713721784688895,0.015452852219471503,92,0.6304347826086957,0.0006275264327357393,-0.0007918284059739382,93,0.7096774193548387,-0.005110642806113194,-0.006551503021166957,93,0.7204301075268817,-0.011572269089653388,-0.012948613175674894,93,0.6881720430107527,-0.015818992594484542,-0.016829745282656586,93,0.5053763440860215,-0.03253271437917343,-0.032282597502128085
2018-03-29,0.011574335812229273,0.010509118420924925,92,0.5326086956521738,-0.01236700738529795,-0.013915394482072144,93,0.7741935483870968,0.009857536392060386,0.008244633166253934,92,0.8064516129032258,-0.002995292267256728,-0.0044361524823104915,93,0.7204301075268817,0.0022965330969743057,0.0012642750324581766,93,0.5161290322580645,-0.009277802715254968,-0.009244843388466747
2018-04-30,0.011113141990218029,0.01020009851195716,92,0.4565217391304348,0.014935360837468638,0.013537511375103046,93,0.6989247311827957,0.027989869034621903,0.026635030324944485,93,0.6774193548387097,0.035718179673319604,0.03425581408192176,93,0.7311827956989247,0.07720647873131777,0.07617422066680164,93,0.5161290322580645,0.06609333674109974,0.06597412215484448
2018-05-31,0.01727526685763191,0.015949179901110173,92,0.6630434782608696,0.010352054838447275,0.008846678494361254,93,0.7526881720430108,0.010346496526362048,0.008884130934964199,93,0.7311827956989247,-0.0051391386201864635,-0.006536988082552055,93,0.6989247311827957,0.02005410547092256,0.018699266761245142,93,0.6774193548387097,0.0027788386132906497,0.002750086860134969
2018-06-29,0.04369271108772665,0.042323145870335345,92,0.6847826086956521,0.044474195050268665,0.043033334835214904,93,0.7204301075268817,0.03707807240764164,0.03537914767645885,93,0.8494623655913979,0.03084637826586399,0.029319496545433883,93,0.7634408602150538,0.016140236834935172,0.015000451888698613,93,0.5698924731182795,-0.027552474252791476,-0.027322693981636732
2018-07-31,0.038458930137380644,0.03715458231129369,92,0.6521739130434783,0.028532385647845892,0.027113030809136213,93,0.7096774193548387,0.02705482819972804,0.025570957231986102,93,0.7419354838709677,0.04231318144318612,0.04078629972275601,93,0.7634408602150538,0.0591837066923457,0.057928387543409524,94,0.6276595744680851,0.020724776554965053,0.020773805232115833
2018-08-31,0.0016001306241232823,0.0003827393197754561,92,0.6086956521739131,0.006960286105789778,0.005325877503639241,93,0.8172043010752688,0.0028352661114581174,0.0012653736383398378,93,0.7849462365591398,-0.0064402017579282675,-0.007924072725670204,93,0.7419354838709677,-0.007463264099062547,-0.008718583247998717,94,0.6276595744680851,-0.00906339472318583,-0.009101322567774173
2018-09-28,-0.08535696277277718,-0.08661783233799457,92,0.6304347826086957,-0.0639161192407314,-0.065313968703097,93,0.6989247311827957,-0.09309071946983835,-0.0945530850612362,93,0.7311827956989247,-0.09878245835243392,-0.10015880243845543,93,0.6881720430107527,-0.13639118559199145,-0.13741246218773615,94,0.5106382978723405,-0.05103422281921427,-0.05079462984974158
2018-10-31,0.03524927265205547,0.03380841243700171,93,0.7204301075268817,0.03860452973416217,0.037163669519108405,93,0.7204301075268817,0.03618326499493716,0.03452735101644254,93,0.8279569892473118,0.026933755243476003,0.025449884275734067,93,0.7419354838709677,0.015783084487220368,0.01482563767870973,94,0.4787234042553191,-0.019466188164835103,-0.01898277475829198
2018-11-30,-0.09081900016165964,-0.09172222596811125,92,0.4516129032258065,-0.11628976833690216,-0.11783815543367636,93,0.7741935483870968,-0.11668617285242285,-0.11827757070188522,93,0.7956989247311828,-0.11075474379307639,-0.11221710938447424,93,0.7311827956989247,-0.11628142587652994,-0.11717504289780653,94,0.44680851063829785,-0.0254624257148703,-0.025452816929695282
2018-12-31,0.06189046531809903,0.06099916097027294,92,0.44565217391304346,0.0834275740890628,0.08192219774497678,93,0.7526881720430108,0.10364330417291943,0.10228846546324201,93,0.6774193548387097,0.09135911044357445,0.09013330399196154,93,0.6129032258064516,0.1480098629992646,0.1472439055524561,94,0.3829787234042553,0.08611939768116558,0.08624474458218315
2019-01-31,0.03258884696649721,0.03164261040735743,93,0.4731182795698925,0.03797414001396301,0.036490269046221074,93,0.7419354838709677,0.04741642859404517,0.04590579029617283,94,0.7553191489361702,0.05340608739842772,0.051922216430685786,93,0.7419354838709677,0.05881708005610258,0.05781708005610258,94,0.5,0.02622823308960537,0.026174469648745154
2019-02-28,0.030839893991613913,0.029743119798065525,93,0.5483870967741935,0.012369898208152789,0.010843016487722682,93,0.7634408602150538,0.009626033371365807,0.008179224860727509,94,0.7234042553191489,0.008671171985008285,0.007144290264578177,93,0.7634408602150538,0.006528340633897377,0.005443234250918654,94,0.5425531914893618,-0.024311553357716537,-0.02429988554714687
2019-03-29,0.025140941522810534,0.024173199587326662,93,0.4838709677419355,0.037168241370263415,0.03585641341327417,93,0.6559139784946236,0.045477521224667423,0.04409454250126317,94,0.6914893617021276,0.05486005270096036,0.0534191924859066,93,0.7204301075268817,0.04392495070143967,0.04283984431846095,94,0.5425531914893618,0.018784009178629133,0.018666644731134285
2019-04-30,-0.015114856388872423,-0.016233135958764897,93,0.5591397849462365,-0.03960288454153718,-0.041134799435154204,94,0.7659574468085106,-0.044218433449447994,-0.045686518555830974,94,0.7340425531914894,-0.0704198102917452,-0.07193044858961754,94,0.7553191489361702,-0.06973781764113479,-0.07076939658850322,95,0.5157894736842106,-0.05462296125226237,-0.05453626062973832
2019-05-31,0.0459981864921457,0.04483689616956506,93,0.5806451612903225,0.07082680579597703,0.06940127388108341,94,0.7127659574468085,0.07877835920853807,0.07724644431492105,94,0.7659574468085106,0.10582197212517361,0.10414112106134382,94,0.8404255319148937,0.11169034488933738,0.11053245015249527,95,0.5789473684210527,0.06569215839719167,0.06569555398293021
2019-06-28,0.016984378882029107,0.01602693207351847,94,0.4787234042553191,0.019238531222088125,0.017940658881662592,94,0.648936170212766,0.01807794202508407,0.01681478413034723,95,0.631578947368421,0.030413079441637035,0.029200313484190228,94,0.6063829787234043,0.027497668535075705,0.026760826429812548,95,0.368421052631579,0.010513289653046598,0.010733894356294078
2019-07-31,0.014211682910641437,0.013147853123407395,94,0.5319148936170213,-0.003694935685269701,-0.0050844093694802275,95,0.6947368421052631,-0.01797804307753614,-0.019367516761746667,95,0.6947368421052631,-0.0365437798871085,-0.03803851672921377,95,0.7473684210526316,-0.05280693511654403,-0.05394377722180719,95,0.5684210526315789,-0.06701861802718546,-0.06709163034521458
2019-08-30,0.013343749963890593,0.012088430814954422,94,0.6276595744680851,0.004732375870072842,0.003279744291125474,95,0.7263157894736842,0.0011864458937997783,-0.0002872383167265378,95,0.736842105263158,0.01275742366399639,0.011410055242943758,95,0.6736842105263158,0.0048643312208370105,0.0037064364839949054,95,0.5789473684210527,-0.008479418743053583,-0.008381994330959517
2019-09-30,0.0014699389867699722,0.000491215582514653,94,0.4893617021276596,0.0022944681803088647,0.0007576260750457068,95,0.7684210526315789,0.021386193654908223,0.0199546147075398,95,0.7157894736842105,0.03393079629867395,0.03258342787762132,95,0.6736842105263158,0.033632933151379496,0.0327908278882216,95,0.42105263157894735,0.03216299416460952,0.03229961230570695
2019-10-31,-0.0017323546114658057,-0.0027749078029551673,94,0.5212765957446808,0.026683336688024414,0.025293863003813886,95,0.6947368421052631,0.032824464785925205,0.03130867531224099,95,0.7578947368421053,0.039602903808650766,0.038150272229703394,95,0.7263157894736842,0.054041679157732135,0.052979179157732134,96,0.53125,0.05577403376919794,0.0557540869606873
2019-11-29,0.014161974712277568,0.012898816817540725,95,0.631578947368421,0.019925809156610578,0.01847317757766321,95,0.7263157894736842,0.027212803248728473,0.025802276932939,95,0.7052631578947368,0.020529617867312604,0.01905593365678629,95,0.736842105263158,0.05308874136652827,0.0520470746998616,96,0.5208333333333333,0.0389267666542507,0.039148257882320875
2019-12-31,0.01598405110022128,0.014805103731800225,95,0.5894736842105264,0.0007655076356818064,-0.0005397555222129305,95,0.6526315789473685,-0.0034241791125158693,-0.004918915954621132,95,0.7473684210526316,-0.017587296645211564,-0.019039928224158932,95,0.7263157894736842,-0.012918281351669975,-0.013793281351669975,96,0.4375,-0.028902332451891253,-0.0285983850834702
2020-01-31,-0.04584911973331795,-0.04696490920700216,95,0.5578947368421052,-0.05539420134614681,-0.057057359240883655,95,0.8315789473684211,-0.0715471916209199,-0.07308403372618305,95,0.7684210526315789,-0.08169316984735527,-0.08318790668946052,95,0.7473684210526316,-0.07553463191457331,-0.07645129858123997,96,0.45833333333333337,-0.029685512181255362,-0.029486389374237816
2020-02-28,-0.0936311435417482,-0.09459956459437978,95,0.4842105263157894,-0.13283169558052252,-0.13409485347525937,95,0.631578947368421,-0.16132737393164906,-0.16256947919480697,95,0.6210526315789473,-0.15289202271350147,-0.15438675955560674,95,0.7473684210526316,-0.21089994499927042,-0.21175411166593708,96,0.42708333333333337,-0.11726880145752222,-0.1171545470715573
2020-03-31,0.10313409409333645,0.1018288309354417,94,0.6526315789473685,0.10344801223613082,0.10178485434139398,95,0.8315789473684211,0.1273473759879115,0.12555790230370095,95,0.8947368421052632,0.12044867189173468,0.11886972452331362,95,0.7894736842105263,0.24386851118147437,0.24280601118147438,95,0.53125,0.14073441708813794,0.14097718024603267
2020-04-30,0.0602854237664291,0.05938016060853436,95,0.4526315789473684,0.07443592826083806,0.07287803352399595,95,0.7789473684210526,0.06916373287220513,0.06791373287220513,96,0.625,0.07627314543950099,0.0749889349131852,95,0.6421052631578947,0.08492105914331548,0.08435855914331548,96,0.28125,0.02463563537688638,0.02497839853478112
2020-05-29,-0.015584885075546059,-0.016574358759756585,95,0.49473684210526314,-0.026193465547510897,-0.02766714975803721,95,0.736842105263158,-0.003624146857005253,-0.005019980190338587,96,0.6979166666666667,0.005078607989400312,0.0037733448315055754,95,0.6526315789473685,0.043664859112857723,0.043123192446191054,96,0.27083333333333337,0.059249744188403786,0.059697551205947635
2020-06-30,0.07475149021211114,0.07386727968579535,95,0.4421052631578948,0.06299063433229823,0.06155905538492981,95,0.7157894736842105,0.060520089898790874,0.05935342323212421,96,0.5833333333333333,0.05242162899123429,0.05132689214912903,95,0.5473684210526315,0.010387828635564002,0.009846161968897336,96,0.27083333333333337,-0.06436366157654713,-0.064021117716898
2020-07-31,0.02125247243249784,0.02030510401144521,95,0.4736842105263158,0.04238418041265748,0.040925847079324146,96,0.7291666666666667,0.048155717959909715,0.046780717959909714,95,0.6875,0.04583315761296586,0.044562324279632526,96,0.6354166666666667,0.08680471839889183,0.08599221839889183,96,0.40625,0.06555224596639399,0.06568711438744662
2020-08-31,-0.019991020111311715,-0.021085756953416978,95,0.5473684210526315,-0.012274596802809823,-0.013837096802809822,96,0.78125,-0.016393654307833655,-0.017741022728886287,95,0.6736842105263158,-0.026932380089929903,-0.02816154675659657,96,0.6145833333333333,-0.033363126473411095,-0.03419645980674443,96,0.41666666666666663,-0.01337210636209938,-0.013110702853327449
2020-09-30,-0.01212836477821019,-0.013202048988736505,95,0.5368421052631579,-0.007266733141772688,-0.008620899808439355,96,0.6770833333333333,-0.006426588081802043,-0.007921324923907305,95,0.7473684210526316,-0.00023377880710667245,-0.001587945473773339,96,0.6770833333333333,0.013141756250387401,0.0122667562503874,96,0.4375,0.02527012102859759,0.025468805239123905
2020-10-30,0.07597181506114943,0.07485602558746522,95,0.5578947368421052,0.10656462156132092,0.10521045489465425,96,0.6770833333333333,0.16227016836134875,0.16074933502801542,96,0.7604166666666666,0.1796083646904045,0.17819169802373783,96,0.7083333333333333,0.2720646898165828,0.2712313564832495,96,0.41666666666666663,0.1960928747554334,0.19637533089578424
2020-11-30,0.009190140474747817,0.008305929948432027,95,0.4421052631578948,0.018573731233418753,0.017282064566752086,96,0.6458333333333333,0.03482629299027657,0.03336795965694324,96,0.7291666666666667,0.04334743872224783,0.04193077205558117,96,0.7083333333333333,0.05804097179505765,0.05708263846172432,96,0.47916666666666663,0.04885083132030983,0.048776708513292286
2020-12-31,-0.0045057906018474625,-0.005432106391321146,95,0.4631578947368421,0.002386569463274113,0.0009699027966074464,96,0.7083333333333333,0.014397920994461267,0.012752087661127932,96,0.8229166666666666,0.024960059691888244,0.023480893025221578,96,0.7395833333333333,0.06233193168537903,0.06140409663383264,97,0.4639175257731959,0.0668377222872265,0.06683620302515378
2021-01-29,0.013828186183202043,0.012640686183202044,96,0.59375,0.031903212173703975,0.030361545507037308,96,0.7708333333333334,0.08071564721390104,0.07914863690462269,97,0.7835051546391752,0.10489173232671084,0.10345423232671085,96,0.71875,0.14015128330914356,0.13916159258749408,97,0.4948453608247423,0.12632309712594153,0.12652090640429203
2021-02-26,0.09808774560241429,0.0971502456024143,96,0.46875,0.07451581371673054,0.07309914705006387,96,0.7083333333333333,0.06561532666304228,0.06423388336407321,97,0.6907216494845361,0.045277320365676804,0.04398565369901014,96,0.6458333333333333,0.0004524427862436157,-0.0002692066982924669,97,0.3608247422680413,-0.09763530281617068,-0.09741945230070677
2021-03-31,0.051329123937922834,0.050412457271256164,96,0.45833333333333337,0.05648656544336467,0.055125740701096625,97,0.6804123711340206,0.059604398604078485,0.058264192418511475,96,0.6701030927835052,0.04354880411923553,0.042249835047070576,97,0.6494845360824743,0.03883323644892582,0.0381528240777918,97,0.3402061855670103,-0.012495887488997014,-0.012259633193464362
2021-04-30,0.017600670851175483,0.016538170851175482,96,0.53125,0.004715492498914594,0.003169100746337274,97,0.7731958762886598,0.013361270520967425,0.011923770520967426,96,0.71875,0.033210416719839805,0.03182897342087073,97,0.6907216494845361,0.03647462135380721,0.03571173475586907,97,0.38144329896907214,0.01887395050263173,0.01917356390469359
2021-05-28,-0.006722852713064027,-0.007764519379730693,96,0.5208333333333333,-0.004739291968539422,-0.006223828051013649,97,0.7422680412371134,0.004216659039718433,0.0028558342974503914,97,0.6804123711340206,0.00859558879470692,0.007214145495737847,97,0.6907216494845361,0.03297852706529379,0.03224383318774277,98,0.36734693877551017,0.03970137977835782,0.04000835256747347
2021-06-30,0.040017691132502954,0.03893435779916962,96,0.5416666666666667,0.039170704389419914,0.03778926109045084,97,0.6907216494845361,0.016460414603253416,0.01499649707748022,97,0.731958762886598,0.009509792867066939,0.008107731011396835,97,0.7010309278350515,-0.02407425814538701,-0.024931401002529868,98,0.4285714285714286,-0.06409194927788997,-0.0638657588016995
2021-07-30,0.02336483290296107,0.022427332902961068,96,0.46875,0.021694821296365414,0.020333996554097372,97,0.6804123711340206,0.02482490388979379,0.023319749250618534,97,0.7525773195876289,0.03020556854947226,0.028947836590709375,97,0.6288659793814433,0.036122644762275974,0.035469583537786176,98,0.326530612244898,0.012757811859314905,0.013042250634825107
2021-08-31,-0.05855968361043785,-0.0597967970124997,97,0.6185567010309279,-0.05310504537335133,-0.054589581455825556,97,0.7422680412371134,-0.049755976958851346,-0.0513229872681297,97,0.7835051546391752,-0.025484700426542564,-0.027031092179119885,97,0.7731958762886598,-0.0009003881627648393,-0.0017371228566423905,98,0.41836734693877553,0.05765929544767301,0.05805967415585731
2021-09-30,0.045422512373769944,0.04426787319851221,97,0.5773195876288659,0.06003965849130695,0.05872007086244097,97,0.6597938144329897,0.05725602178720274,0.05579210426142954,97,0.731958762886598,0.056577183638366786,0.05529883312290287,97,0.6391752577319587,0.07846859989836037,0.07769308969427874,98,0.3877551020408163,0.03304608752459043,0.033425216495766526
2021-10-29,-0.010550771680891628,-0.011622936629345236,97,0.5360824742268041,-0.01360219372910554,-0.015086729811579767,97,0.7422680412371134,-0.03242659391703001,-0.033849274329401144,97,0.711340206185567,-0.024814713877518987,-0.02640234274349837,97,0.7938144329896908,-0.02989735806334818,-0.03079531724702165,98,0.44897959183673475,-0.01934658638245655,-0.019172380617676413
2021-11-30,0.08450470924480218,0.08349439996645167,97,0.5051546391752577,0.06382810603517426,0.062384807066102096,97,0.7216494845360825,0.05996297232518862,0.058437199129312334,97,0.7628865979381443,0.0541567160581502,0.05258970574887185,97,0.7835051546391752,0.04570281039361028,0.04478444304667151,98,0.4591836734693877,-0.038801898851191896,-0.03870995691978016
2021-12-31,-0.026317548493127178,-0.027307239214776662,97,0.4948453608247423,-0.04199037921806506,-0.04333058540363207,97,0.6701030927835052,-0.045904991242991515,-0.04726581598525956,97,0.6804123711340206,-0.019438290269294514,-0.020860970681665647,97,0.711340206185567,-0.06597478535763512,-0.06675029556171676,98,0.3877551020408163,-0.03965723686450795,-0.03944305634694009
2022-01-31,-0.0009562176139051538,-0.0018221969953484528,97,0.4329896907216495,-0.014443527332278926,-0.015824970631248,97,0.6907216494845361,-0.008947530098595795,-0.01039082906766796,97,0.7216494845360825,-0.018916443247785637,-0.020194793763249556,97,0.6391752577319587,0.0061324622037137,0.005438584652693292,98,0.34693877551020413,0.007088679817618854,0.007260781648041745
2022-02-28,0.055835989652527424,0.05511434016799134,97,0.3608247422680413,0.053502209793363155,0.0522650963913013,97,0.6185567010309279,0.04870060134554523,0.047339776603277185,97,0.6804123711340206,0.05108132343774026,0.04976173580887428,97,0.6597938144329897,0.06082290056378264,0.06019024750255815,98,0.3163265306122449,0.004986910911255214,0.005075907334566809
2022-03-31,-0.03361403323401028,-0.03464496106906183,97,0.5154639175257731,-0.05163795037838386,-0.05291630089384778,97,0.6391752577319587,-0.06384188897856886,-0.06520923591734437,98,0.6836734693877551,-0.07550514460502838,-0.07663916522358509,97,0.5670103092783505,-0.09676113129296962,-0.09733255986439819,98,0.2857142857142857,-0.06314709805895935,-0.06268759879533636
2022-04-29,0.006922104158054101,0.0059324134364046165,97,0.4948453608247423,0.008468787072873752,0.0071491994440077734,97,0.6597938144329897,0.0151927161018858,0.013702920183518453,98,0.7448979591836735,0.006283815346441627,0.004943609160874616,97,0.6701030927835052,0.0010345064478213476,0.0002794044070050212,98,0.37755102040816324,-0.005887597710232753,-0.005653009029399595
2022-05-31,-0.05051108799736947,-0.05145954160561689,97,0.4742268041237113,-0.06734109159657525,-0.06861944211203917,97,0.6391752577319587,-0.08894683175826495,-0.09025295420724455,98,0.653061224489796,-0.10403446212420865,-0.10545714253657978,97,0.711340206185567,-0.14248445038960145,-0.14328036875694838,98,0.3979591836734694,-0.09197336239223197,-0.0918208271513315
2022-06-30,0.032891807684967744,0.03198459119012238,97,0.45360824742268047,0.07381667082124731,0.07247646463568029,97,0.6701030927835052,0.08567313963392251,0.08448946616453475,98,0.5918367346938775,0.1157010262642435,0.11454638708898576,97,0.5773195876288659,0.1510007294977121,0.1504293009262835,98,0.2857142857142857,0.11810892181274435,0.11844470973616113
2022-07-29,-0.01495797570189051,-0.015968284980241026,97,0.5051546391752577,-0.0108864521680928,-0.012192574617072391,98,0.653061224489796,-0.009187579951220496,-0.010636559543057231,97,0.7244897959183674,-0.017017481965829962,-0.01834401257807486,98,0.6632653061224489,0.007966284119647704,0.00735403922168852,98,0.30612244897959184,0.022924259821538215,0.023322324201929548
2022-08-31,-0.07632783669870656,-0.07744123876056223,97,0.5567010309278351,-0.07531697890851757,-0.07682718299015022,98,0.7551020408163265,-0.08695769038385391,-0.08850408213643123,97,0.7731958762886598,-0.09884974713167494,-0.10011505325412391,98,0.6326530612244898,-0.11040653780885872,-0.11099837454355259,98,0.29591836734693877,-0.034078701110152154,-0.033557135782990355
2022-09-30,0.10515167063587896,0.10401765001732226,97,0.5670103092783505,0.08839273189849108,0.08702538495971557,98,0.6836734693877551,0.08102010014295648,0.07939123416357503,97,0.8144329896907216,0.10411067357453295,0.10282495928881867,98,0.6428571428571428,0.11806891120815599,0.11737503365713559,98,0.34693877551020413,0.012917240572277028,0.013357383639813328
2022-10-31,0.04763115942131048,0.04662085014295996,97,0.5051546391752577,0.07446254276943957,0.07297274685107223,98,0.7448979591836735,0.07590247902009978,0.07427361304071833,97,0.8144329896907216,0.07602520783847015,0.07461704457316402,98,0.7040816326530612,0.06754753222875741,0.06658834855528802,98,0.47959183673469385,0.01991637280744693,0.019967498412328054
2022-11-30,-0.022177031046654083,-0.023311051665210785,97,0.5670103092783505,-0.044302561004429857,-0.045771948759531896,98,0.7346938775510203,-0.05046997650344555,-0.05189265691581668,97,0.711340206185567,-0.0464962194534578,-0.047843158228968,98,0.6734693877551021,-0.0910744906625795,-0.09201326617278358,98,0.4693877551020408,-0.06889745961592542,-0.06870221450757279
2022-12-30,0.00631447314466195,0.005448493763218651,97,0.4329896907216495,0.05012220991652989,0.048612005834897234,97,0.7551020408163265,0.07599078121697747,0.07458261795167134,98,0.7040816326530612,0.12162481411807449,0.12035950799562552,97,0.6326530612244898,0.181451621515638,0.18061488682176047,98,0.41836734693877553,0.17513714837097605,0.1751663930585418
2023-01-31,-0.028323645548172696,-0.02929271771312115,97,0.48453608247422686,-0.03183614616937758,-0.0332443094346837,98,0.7040816326530612,-0.019929948263602084,-0.021338111528908205,97,0.7040816326530612,-0.021494459358134717,-0.023025071603032677,98,0.7653061224489796,-0.0015162056083613891,-0.0023937566287695524,98,0.4387755102040817,0.026807439939811308,0.026898961084351594
2023-02-28,-0.011078998451053418,-0.012274874739713212,97,0.5979381443298969,-0.032589802525750944,-0.03403878211758768,98,0.7244897959183674,-0.020496773441129986,-0.02196616119623203,98,0.7346938775510203,-0.009465126027830064,-0.011036554599258635,98,0.7857142857142857,-0.0025742429571327416,-0.0034926103040715173,98,0.4591836734693877,0.008504755493920676,0.008782264435641694
2023-03-31,0.020362613928105636,0.01937292320645615,97,0.4948453608247423,0.008899452241251056,0.007430064486149015,98,0.7346938775510203,-0.005666908179183291,-0.007177112260815944,98,0.7551020408163265,-0.02270805006056258,-0.0241162133258687,98,0.7040816326530612,-0.04785153461688372,-0.04903520808627147,98,0.5918367346938775,-0.06821414854498936,-0.06840813129272763
2023-04-28,-0.04226787820068809,-0.043422517375945824,97,0.5773195876288659,-0.030809196429619504,-0.032217359694925625,98,0.7040816326530612,-0.022510527134436808,-0.024041139379334768,98,0.7653061224489796,-0.00975866285099929,-0.011085193463244188,98,0.6632653061224489,0.04339702591326991,0.04245825040306583,98,0.4693877551020408,0.085664904113958,0.08588076777901166
2023-05-31,0.04128643096047783,0.04025550312542628,97,0.5154639175257731,0.07893719792579966,0.07752903466049353,98,0.7040816326530612,0.08791271374201892,0.08654536680324341,98,0.6836734693877551,0.0940733045228671,0.0927671820738875,98,0.653061224489796,0.11067316471925051,0.10957112390292398,98,0.5510204081632653,0.06938673375877269,0.0693156207774977
2023-06-30,-0.003984025118801249,-0.00511804573735795,97,0.5670103092783505,0.022679136109602954,0.0211689320279703,98,0.7551020408163265,0.03151254041792201,0.03004315266281997,98,0.7346938775510203,0.048086520972423774,0.046862031176505406,98,0.6122448979591837,0.09068078012134394,0.08979189123245505,99,0.4444444444444444,0.09466480524014519,0.09490993696981301
2023-07-31,-0.01727289636667531,-0.018510009768737165,97,0.6185567010309279,-0.014435602216464245,-0.015966214461362205,98,0.7653061224489796,-0.017995627948941478,-0.019628281010165966,98,0.8163265306122449,-0.032511373165821034,-0.03379708745153532,98,0.6428571428571428,-0.043295755906506,-0.04436646297721307,99,0.5353535353535354,-0.02602285953983069,-0.025856453208475905
2023-08-31,-0.04437866389139348,-0.04555392162335224,97,0.5876288659793815,-0.06010093528537563,-0.061468282224151134,98,0.6836734693877551,-0.05626669677335,-0.0579197579978398,98,0.826530612244898,-0.05681700685495897,-0.0582659864467957,98,0.7244897959183674,-0.06049544385557192,-0.061586352946481016,99,0.5454545454545454,-0.016116779964178443,-0.016032431323128774
2023-09-29,-0.02091460316353285,-0.02200738666868749,97,0.5463917525773196,-0.038486818086703324,-0.03985416502547883,98,0.6836734693877551,-0.03984730807263556,-0.041275879501206994,98,0.7142857142857143,-0.04727885325457306,-0.04878905733620571,98,0.7551020408163265,-0.0788515605664213,-0.07980105551591625,99,0.4747474747474747,-0.05793695740288845,-0.05779366884722876
2023-10-31,0.07051390691220874,0.06933023344282098,98,0.5918367346938775,0.07986507660132501,0.07827323986663114,98,0.7959183673469388,0.09612859552763645,0.09449594246641195,98,0.8163265306122449,0.10176517312340702,0.10037741802136621,98,0.6938775510204082,0.1404471711824794,0.13941686815217638,99,0.5151515151515151,0.06993326427027066,0.0700866347093554
2023-11-30,0.03132877146908068,0.02998183269357048,98,0.6734693877551021,0.03980103722364647,0.03827042497874851,98,0.7653061224489796,0.07190389900918881,0.07030793941322921,99,0.797979797979798,0.08128120220501285,0.07973018179684958,98,0.7755102040816326,0.10456470042129033,0.10339298324957316,99,0.5858585858585859,0.07323592895220965,0.07341115055600268
2023-12-29,0.016104902465819096,0.015023269812757872,98,0.5408163265306123,0.009577523498437518,0.008128543906600783,98,0.7244897959183674,0.003188647501505922,0.0018351121479705686,99,0.6767676767676767,-0.007833217553271637,-0.009159748165516535,98,0.6632653061224489,-0.029282672412313342,-0.030252369382010313,99,0.48484848484848486,-0.04538757487813244,-0.04527563919476819
2024-01-31,0.036165572884972984,0.035104348395177065,98,0.5306122448979591,0.03745514343968433,0.03608779650090882,98,0.6836734693877551,0.06800230591926415,0.06646695238391062,99,0.7676767676767677,0.051955653095519486,0.05048626534041745,98,0.7346938775510203,0.1113528836125568,0.11024177250144569,99,0.5555555555555556,0.0751873107275838,0.07513742410626863
2024-02-29,0.026445168573920826,0.0253635359208596,98,0.5408163265306123,0.04495360462405645,0.04348421686895441,98,0.7346938775510203,0.03868156510898966,0.037247221674646225,99,0.7171717171717171,0.051123280778314704,0.0497559338395392,98,0.6836734693877551,0.04582399940431976,0.044793696374016735,99,0.5151515151515151,0.019378830830398937,0.019430160453157135
2024-03-28,-0.02408335473106405,-0.02514457922085997,98,0.5306122448979591,-0.022084877414328914,-0.023452224353104425,98,0.6836734693877551,-0.0445141994814811,-0.045968744936026554,99,0.7272727272727273,-0.03691574095686032,-0.03822186340583991,98,0.653061224489796,-0.033904985166907604,-0.03493528819721063,99,0.5151515151515151,-0.009821630435843554,-0.009790708976350662
2024-04-30,0.006837507058934871,0.00589873154873079,98,0.4693877551020408,0.0013715620461528005,0.00011903679362754789,99,0.6262626262626263,0.01794642604603767,0.016431274530886157,99,0.7575757575757576,0.022813944221508474,0.021561418968983222,99,0.6262626262626263,0.05108115588163014,0.05011145891193317,99,0.48484848484848486,0.04424364882269527,0.044212727363202385
2024-05-31,-0.0008856421979136304,-0.002212172810158528,98,0.6632653061224489,-0.013188597359199776,-0.01460273877334119,99,0.7070707070707071,-0.004949427761656105,-0.0065251853374136805,99,0.7878787878787878,0.003038370626452722,0.0015030170910991865,99,0.7676767676767677,0.005883003374328297,0.0047516902430151655,99,0.5656565656565656,0.006768645572241928,0.006963863053173694
2024-06-28,0.05448384171323634,0.05340220906017512,98,0.5408163265306123,0.03254901023508854,0.031155070841149147,99,0.696969696969697,0.06610119820503398,0.06464665275048852,99,0.7272727272727273,0.038525283696980835,0.03717174834344548,99,0.6767676767676767,-0.006309753899820118,-0.0071582387483049665,99,0.4242424242424242,-0.06079359561305646,-0.060560447808480085
2024-07-31,0.04788585917906506,0.04672259387294261,98,0.5816326530612245,0.02692895385322249,0.025555216479485117,99,0.6868686868686869,0.015766986856532942,0.014211431300977385,99,0.7777777777777778,0.0030778250274744803,0.0017040876537371065,99,0.6868686868686869,0.00262481966936408,0.0016753247198691304,99,0.4747474747474747,-0.04526103950970098,-0.04504726915307348
2024-08-30,0.017823758204452318,0.016640084735064564,98,0.5918367346938775,0.011846315017208666,0.010512981683875332,99,0.6666666666666667,0.024314118347816764,0.02289997693367535,99,0.7070707070707071,0.01950552051652769,0.018030773041780215,99,0.7373737373737373,0.03175075097431746,0.03075075097431746,100,0.5,0.013926992769865143,0.014110666239252896
2024-09-30,-0.013764567071611514,-0.014764567071611515,98,0.5,-0.004678723564640431,-0.005971652857569724,99,0.6464646464646464,-0.0013240486902601836,-0.0028796042458157393,99,0.7777777777777778,0.005439131258172415,0.004024989844031001,99,0.7070707070707071,0.02001028660033241,0.019130286600332412,100,0.43999999999999995,0.033774853671943925,0.03389485367194393
2024-10-31,0.05130384423213536,0.05007935443621699,98,0.6122448979591837,0.060416095055665364,0.05886053950010981,99,0.7777777777777778,0.07478818023164846,0.07339424083770907,99,0.696969696969697,0.06841861619735595,0.06694386872260848,99,0.7373737373737373,0.09821773357093906,0.09729773357093906,100,0.45999999999999996,0.0469138893388037,0.047218379134722065
2024-11-29,-0.056895637786281934,-0.058038494929139074,98,0.5714285714285714,-0.07156738747221479,-0.07326435716918449,99,0.8484848484848485,-0.054441431857666985,-0.0559565833728185,99,0.7575757575757576,-0.06542180389045305,-0.06689655136520052,99,0.7373737373737373,-0.062107262898589005,-0.06330726289858901,100,0.6,-0.005211625112307071,-0.005268767969449938
2024-12-31,0.035289054299009665,0.03420742164594844,98,0.5408163265306123,0.0271879585502194,0.025652605014865864,99,0.7676767676767677,0.02373204940720726,0.022257301932459783,99,0.7373737373737373,0.03181031318120295,0.030436575807465574,99,0.6868686868686869,0.04291107823817215,0.041931078238172145,100,0.49,0.0076220239391624825,0.007723656592223703
2025-01-31,0.005441304537825917,0.004257631068438162,98,0.5918367346938775,-0.02675301634808649,-0.028308571903642048,99,0.7777777777777778,-0.016849679153700906,-0.01836483066885242,99,0.7575757575757576,-0.038757560611672605,-0.04009089394500594,99,0.6666666666666667,-0.09034361824214253,-0.09122361824214253,100,0.43999999999999995,-0.09578492277996845,-0.09548124931058069
2025-02-28,-0.007824180200820912,-0.00915071081306581,98,0.6632653061224489,-0.03197475604844052,-0.033368695442379914,99,0.696969696969697,-0.04047180055356782,-0.04196675004851731,99,0.7474747474747474,-0.03302537898799048,-0.034399116361727856,99,0.6868686868686869,-0.07733586452590366,-0.07831586452590365,100,0.49,-0.06951168432508274,-0.06916515371283784
2025-03-31,-0.021313797464010416,-0.022415838280336945,98,0.5510204081632653,-0.03201461861140598,-0.033469164065951434,99,0.7272727272727273,-0.03993899376634321,-0.04149454932189876,99,0.7777777777777778,-0.022131347364117555,-0.023545488778258968,99,0.7070707070707071,0.023257280557569385,0.022337280557569384,100,0.45999999999999996,0.0445710780215798,0.04475311883790633
2025-04-30,-0.005362392570874811,-0.006362392570874811,98,0.5,0.026636119189847523,0.02530278585651419,99,0.6666666666666667,0.04907304407772613,0.047618498623180676,99,0.7272727272727273,0.07009602743918716,0.06876269410585382,99,0.6666666666666667,0.1069068151005664,0.1061268151005664,100,0.39,0.11226920767144122,0.11248920767144122
2025-05-30,0.003429458303020411,0.002123335854040819,98,0.653061224489796,0.022302535314922177,0.020807585819972683,99,0.7474747474747474,0.056359649768226404,0.05494550835408499,99,0.7070707070707071,0.07191402088760235,0.07041907139265285,99,0.7474747474747474,0.08042362126723307,0.07938362126723307,100,0.52,0.07699416296421266,0.07726028541319226
2025-06-30,0.013607283048136364,0.012280752435891466,98,0.6632653061224489,0.0029369410445263737,0.0015025976101829394,99,0.7171717171717171,0.010158819183861138,0.008704273729315683,99,0.7272727272727273,0.0297755400324887,0.028502812759761426,99,0.6363636363636364,0.052425148613294024,0.05130514861329402,100,0.56,0.038817865565157664,0.039024396177402554
2025-07-31,0.012953484099535065,0.011749402466882004,98,0.6020408163265306,0.03159231892423793,0.030056965388884395,99,0.7676767676767677,0.030991154252917767,0.02939519465695817,99,0.797979797979798,0.01844452109343312,0.016949571598483627,99,0.7474747474747474,0.04517318560985199,0.04403318560985199,100,0.5700000000000001,0.03221970151031693,0.032283783142969986
2025-08-29,0.008331094822936345,0.0071066050270179775,98,0.6122448979591837,0.009190064468717297,0.007553700832353661,99,0.8181818181818181,-0.012546707290379926,-0.01406185880553144,99,0.7575757575757576,0.015549045032136376,0.014054095537186881,99,0.7474747474747474,0.04387877676659666,0.042638776766596664,100,0.62,0.035547681943660314,0.035532171739578684
2025-09-30,-0.0346385082015703,-0.035658916364835605,98,0.5102040816326531,-0.03459317850200041,-0.03602752193634384,99,0.7171717171717171,-0.021923954188885555,-0.02337849964343101,99,0.7272727272727273,0.00644095419984099,0.005006610765497556,99,0.7171717171717171,0.04743810699656274,0.046358106996562745,100,0.54,0.08207661519813304,0.08201702336139835
2025-10-31,0.014452780521191016,0.01326910705180326,98,0.5918367346938775,0.022759359247516424,0.02130481379297097,99,0.7272727272727273,0.02098915808477933,0.019393198488819735,99,0.797979797979798,0.020073300341554825,0.01853794680620129,99,0.7676767676767677,-0.009889632939417579,-0.01084963293941758,100,0.48,-0.024342413460608593,-0.02411873999122084
2025-11-28,-0.0038587783497786767,-0.004817962023248064,98,0.47959183673469385,0.01239200744835128,0.010998068054411886,99,0.696969696969697,0.01559562732910288,0.014262293995769545,99,0.6666666666666667,0.01840753887401777,0.017195417661896556,99,0.6060606060606061,0.03043194521499869,0.02975194521499869,100,0.33999999999999997,0.034290723564777366,0.03456990723824675
2025-12-31,,,98,0.5102040816326531,,,99,0.6666666666666667,,,99,0.696969696969697,,,99,0.6464646464646464,,,100,0.44999999999999996,,
